{
  "routes": [
    {
      "route": "/*",
      "serve": "/index.html",
      "statusCode": 200,
      "headers": {
        "Cache-Control": "no-cache, no-store, must-revalidate"
      }
    }
  ],
  "navigationFallback": {
    "rewrite": "/index.html",
    "exclude": ["/api/*", "/fonctions.html", "/outils.html"]
  },
  "platform": {
    "apiRuntime": "node:20"
  },
  "version": "1.5.0",
  "mimeTypes": {
    ".json": "application/json"
  },
  "globalHeaders": {
    "X-Content-Type-Options": "nosniff",
    "X-Frame-Options": "DENY",
    "X-XSS-Protection": "1; mode=block",
    "Cache-Control": "no-cache, no-store, must-revalidate",
    "Pragma": "no-cache",
    "Expires": "0"
  },
  "responseOverrides": {
    "404": {
      "rewrite": "/index.html",
      "statusCode": 200
    }
  }
}
